Data Source,World Development Indicators,,,,,,,,
,,,,,,,,,
Last Updated Date,7/1/20,,,,,,,,
,,,,,,,,,
Country Name,Country Code,Indicator Name,Indicator Code,2015,2016,2017,2018,2019,2015-2018 avg
Aruba,ABW,Individuals using the Internet (% of population),IT.NET.USER.ZS,88.66122693,93.54245387,97.17,,,93.12456027
Afghanistan,AFG,Individuals using the Internet (% of population),IT.NET.USER.ZS,8.26,11.2,13.5,,,10.98666667
Angola,AGO,Individuals using the Internet (% of population),IT.NET.USER.ZS,12.4,13,14.33907936,,,13.24635979
Albania,ALB,Individuals using the Internet (% of population),IT.NET.USER.ZS,63.2529327,66.3634447,71.8470405,,,67.15447263
Andorra,AND,Individuals using the Internet (% of population),IT.NET.USER.ZS,96.91,97.93063712,91.56746703,,,95.46936805
Arab World,ARB,Individuals using the Internet (% of population),IT.NET.USER.ZS,43.69633487,41.48747671,49.26012797,63.16672895,,49.40266712
United Arab Emirates,ARE,Individuals using the Internet (% of population),IT.NET.USER.ZS,90.5,90.60000732,94.81992254,98.45000178,,93.59248291
Argentina,ARG,Individuals using the Internet (% of population),IT.NET.USER.ZS,68.04306411,70.96898082,74.29490687,,,71.10231727
Armenia,ARM,Individuals using the Internet (% of population),IT.NET.USER.ZS,59.10237771,64.34602977,64.74488433,,,62.73109727
American Samoa,ASM,Individuals using the Internet (% of population),IT.NET.USER.ZS,,,,,,#DIV/0!
Antigua and Barbuda,ATG,Individuals using the Internet (% of population),IT.NET.USER.ZS,70,73,76,,,73
Australia,AUS,Individuals using the Internet (% of population),IT.NET.USER.ZS,84.56051935,86.54,86.54504885,,,85.88185607
Austria,AUT,Individuals using the Internet (% of population),IT.NET.USER.ZS,83.94014193,84.32374257,87.93558659,87.47913723,,85.91965208
Azerbaijan,AZE,Individuals using the Internet (% of population),IT.NET.USER.ZS,77,78.2,79,79.79999549,,78.49999887
Burundi,BDI,Individuals using the Internet (% of population),IT.NET.USER.ZS,4.866224464,5.173626777,2.660748535,,,4.233533258
Belgium,BEL,Individuals using the Internet (% of population),IT.NET.USER.ZS,85.0529,86.51647666,87.67968082,88.65506428,,86.97603044
Benin,BEN,Individuals using the Internet (% of population),IT.NET.USER.ZS,11.25498791,11.99404791,20,,,14.41634527
Burkina Faso,BFA,Individuals using the Internet (% of population),IT.NET.USER.ZS,14,13.96,16,,,14.65333333
Bangladesh,BGD,Individuals using the Internet (% of population),IT.NET.USER.ZS,14.4,18.02,15,,,15.80666667
Bulgaria,BGR,Individuals using the Internet (% of population),IT.NET.USER.ZS,56.6563,59.82554766,63.41010138,64.78201069,,61.16848993
Bahrain,BHR,Individuals using the Internet (% of population),IT.NET.USER.ZS,93.47830114,97.9999807,95.87813575,98.64467258,,96.50027254
"Bahamas, The",BHS,Individuals using the Internet (% of population),IT.NET.USER.ZS,78,80,85,,,81
Bosnia and Herzegovina,BIH,Individuals using the Internet (% of population),IT.NET.USER.ZS,52.6,60.25653543,64.89197728,70.12013504,,61.96716194
Belarus,BLR,Individuals using the Internet (% of population),IT.NET.USER.ZS,62.23036091,71.11304576,74.43644541,79.12988669,,71.72743469
Belize,BLZ,Individuals using the Internet (% of population),IT.NET.USER.ZS,41.59,44.57574032,47.0826258,,,44.41612204
Bermuda,BMU,Individuals using the Internet (% of population),IT.NET.USER.ZS,98.32360965,98,98.37,,,98.23120322
Bolivia,BOL,Individuals using the Internet (% of population),IT.NET.USER.ZS,35.56227065,39.6975146,43.83227607,44.28614216,,40.84455087
Brazil,BRA,Individuals using the Internet (% of population),IT.NET.USER.ZS,58.32795173,60.87254007,67.47128452,70.43428254,,64.27651472
Barbados,BRB,Individuals using the Internet (% of population),IT.NET.USER.ZS,76.11,79.54939789,81.76077839,,,79.14005876
Brunei Darussalam,BRN,Individuals using the Internet (% of population),IT.NET.USER.ZS,71.2,90,94.86669164,,,85.35556388
Bhutan,BTN,Individuals using the Internet (% of population),IT.NET.USER.ZS,39.8,41.77264453,48.10641588,,,43.22635347
Botswana,BWA,Individuals using the Internet (% of population),IT.NET.USER.ZS,37.31205037,39.36299738,47,,,41.22501592
Central African Republic,CAF,Individuals using the Internet (% of population),IT.NET.USER.ZS,3.8,4,4.339254945,,,4.046418315
Canada,CAN,Individuals using the Internet (% of population),IT.NET.USER.ZS,90,91.16,91,,,90.72
Central Europe and the Baltics,CEB,Individuals using the Internet (% of population),IT.NET.USER.ZS,67.34946913,71.34198079,73.40956613,75.99337435,,72.0235976
Switzerland,CHE,Individuals using the Internet (% of population),IT.NET.USER.ZS,87.4790556,89.13468774,89.68614767,,,88.76663034
Channel Islands,CHI,Individuals using the Internet (% of population),IT.NET.USER.ZS,,,,,,#DIV/0!
Chile,CHL,Individuals using the Internet (% of population),IT.NET.USER.ZS,76.63,83.55858602,82.32748693,,,80.83869098
China,CHN,Individuals using the Internet (% of population),IT.NET.USER.ZS,50.3,53.2,54.3,,,52.6
Cote d'Ivoire,CIV,Individuals using the Internet (% of population),IT.NET.USER.ZS,38.44,41.20781493,43.83992085,46.82372708,,42.57786572
Cameroon,CMR,Individuals using the Internet (% of population),IT.NET.USER.ZS,20.68014766,23.20297197,23.20297197,,,22.36203054
"Congo, Dem. Rep.",COD,Individuals using the Internet (% of population),IT.NET.USER.ZS,3.799999507,6.20997406,8.619904916,,,6.209959494
"Congo, Rep.",COG,Individuals using the Internet (% of population),IT.NET.USER.ZS,7.615974662,8.121949323,8.65,,,8.129307995
Colombia,COL,Individuals using the Internet (% of population),IT.NET.USER.ZS,55.90497251,58.13649357,62.25988032,64.12637682,,60.10693081
Comoros,COM,Individuals using the Internet (% of population),IT.NET.USER.ZS,7.459161386,7.938322771,8.478170295,,,7.958551484
Cabo Verde,CPV,Individuals using the Internet (% of population),IT.NET.USER.ZS,42.68,50.32281787,57.16214635,,,50.05498807
Costa Rica,CRI,Individuals using the Internet (% of population),IT.NET.USER.ZS,59.76295014,65.88044919,71.3907709,74.08680223,,67.78024311
Caribbean small states,CSS,Individuals using the Internet (% of population),IT.NET.USER.ZS,50.29546814,52.95321095,59.1763508,,,54.14167663
Cuba,CUB,Individuals using the Internet (% of population),IT.NET.USER.ZS,37.30509742,42.97867519,57.14840432,,,45.81072564
Curacao,CUW,Individuals using the Internet (% of population),IT.NET.USER.ZS,,61.85551074,68.12721625,,,64.9913635
Cayman Islands,CYM,Individuals using the Internet (% of population),IT.NET.USER.ZS,77,79,81.06769325,,,79.02256442
Cyprus,CYP,Individuals using the Internet (% of population),IT.NET.USER.ZS,71.7159,75.9002054,80.74318897,84.43358252,,78.19821922
Czech Republic,CZE,Individuals using the Internet (% of population),IT.NET.USER.ZS,75.6688387,76.4811987,78.71916143,80.68816754,,77.88934159
Germany,DEU,Individuals using the Internet (% of population),IT.NET.USER.ZS,87.58979935,84.16520664,84.39550077,89.73912104,,86.47240695
Djibouti,DJI,Individuals using the Internet (% of population),IT.NET.USER.ZS,11.92243143,13.13491511,55.68140925,,,26.9129186
Dominica,DMA,Individuals using the Internet (% of population),IT.NET.USER.ZS,65,67.03,69.61966879,,,67.21655626
Denmark,DNK,Individuals using the Internet (% of population),IT.NET.USER.ZS,96.3305,96.96778525,97.09936216,97.31920437,,96.92921294
Dominican Republic,DOM,Individuals using the Internet (% of population),IT.NET.USER.ZS,54.21576634,63.87086474,67.57123468,74.82428986,,65.1205389
Algeria,DZA,Individuals using the Internet (% of population),IT.NET.USER.ZS,38.2,42.94552688,47.69105515,49.03846808,,44.46876253
East Asia & Pacific (excluding high income),EAP,Individuals using the Internet (% of population),IT.NET.USER.ZS,44.2904169,48.72880783,51.16871498,,,48.06264657
Early-demographic dividend,EAR,Individuals using the Internet (% of population),IT.NET.USER.ZS,25.77265393,30.16674985,38.02906156,,,31.32282178
East Asia & Pacific,EAS,Individuals using the Internet (% of population),IT.NET.USER.ZS,48.99874748,53.18742089,55.07326568,,,52.41981135
Europe & Central Asia (excluding high income),ECA,Individuals using the Internet (% of population),IT.NET.USER.ZS,58.94856203,62.67017573,66.72826325,73.23720341,,65.3960511
Europe & Central Asia,ECS,Individuals using the Internet (% of population),IT.NET.USER.ZS,70.04399701,72.44627768,75.02782068,79.75323657,,74.31783299
Ecuador,ECU,Individuals using the Internet (% of population),IT.NET.USER.ZS,48.94043379,54.06292473,57.27224368,,,53.42520073
"Egypt, Arab Rep.",EGY,Individuals using the Internet (% of population),IT.NET.USER.ZS,37.81938343,41.24806709,44.95020425,46.92433809,,42.73549821
Euro area,EMU,Individuals using the Internet (% of population),IT.NET.USER.ZS,77.47253588,77.98945493,79.66087356,83.77847588,,79.72533506
Eritrea,ERI,Individuals using the Internet (% of population),IT.NET.USER.ZS,1.083733116,1.17711872,1.30890698,,,1.189919605
Spain,ESP,Individuals using the Internet (% of population),IT.NET.USER.ZS,78.6896,80.56133294,84.6022428,86.10723553,,82.49010282
Estonia,EST,Individuals using the Internet (% of population),IT.NET.USER.ZS,88.4097035,87.24023275,88.10245687,89.35700777,,88.27735022
Ethiopia,ETH,Individuals using the Internet (% of population),IT.NET.USER.ZS,13.85517556,15.36692386,18.61805145,,,15.94671696
European Union,EUU,Individuals using the Internet (% of population),IT.NET.USER.ZS,75.65464332,76.91320404,78.75553922,82.41151224,,78.43372471
Fragile and conflict affected situations,FCS,Individuals using the Internet (% of population),IT.NET.USER.ZS,24.82163933,20.16128546,28.77219724,,,24.58504068
Finland,FIN,Individuals using the Internet (% of population),IT.NET.USER.ZS,86.42213333,87.70364996,87.46892907,88.88996,,87.62116809
Fiji,FJI,Individuals using the Internet (% of population),IT.NET.USER.ZS,42.5,46.50697831,49.96637301,,,46.32445044
France,FRA,Individuals using the Internet (% of population),IT.NET.USER.ZS,78.01,79.26981132,80.50245972,82.04318678,,79.95636445
Faroe Islands,FRO,Individuals using the Internet (% of population),IT.NET.USER.ZS,94.2,95.10868167,97.58195894,,,95.63021354
"Micronesia, Fed. Sts.",FSM,Individuals using the Internet (% of population),IT.NET.USER.ZS,31.50108128,33.35216255,35.30405287,,,33.38576556
Gabon,GAB,Individuals using the Internet (% of population),IT.NET.USER.ZS,45.78453653,48.05227375,62,,,51.94560343
United Kingdom,GBR,Individuals using the Internet (% of population),IT.NET.USER.ZS,92.0003,94.77580063,94.62,94.89674176,,94.0732106
Georgia,GEO,Individuals using the Internet (% of population),IT.NET.USER.ZS,47.56975964,58.45928961,59.7055046,62.71790817,,57.11311551
Ghana,GHA,Individuals using the Internet (% of population),IT.NET.USER.ZS,25,34.66600065,39,,,32.88866688
Gibraltar,GIB,Individuals using the Internet (% of population),IT.NET.USER.ZS,,94.44447158,,,,94.44447158
Guinea,GIN,Individuals using the Internet (% of population),IT.NET.USER.ZS,8.2,9.8,18,,,12
"Gambia, The",GMB,Individuals using the Internet (% of population),IT.NET.USER.ZS,16.5,18.5,19.83645444,,,18.27881815
Guinea-Bissau,GNB,Individuals using the Internet (% of population),IT.NET.USER.ZS,3.540706917,3.761413832,3.930509152,,,3.744209967
Equatorial Guinea,GNQ,Individuals using the Internet (% of population),IT.NET.USER.ZS,21.31999999,23.77999997,26.23999996,,,23.77999997
Greece,GRC,Individuals using the Internet (% of population),IT.NET.USER.ZS,66.835,69.08791547,70.54943345,72.9520942,,69.85611078
Grenada,GRD,Individuals using the Internet (% of population),IT.NET.USER.ZS,53.81,55.85640782,59.07173536,,,56.24604773
Greenland,GRL,Individuals using the Internet (% of population),IT.NET.USER.ZS,67.60044348,68.50087368,69.48246178,,,68.52792631
Guatemala,GTM,Individuals using the Internet (% of population),IT.NET.USER.ZS,28.80594156,34.50932609,65,,,42.77175588
Guam,GUM,Individuals using the Internet (% of population),IT.NET.USER.ZS,73.13999995,77.00999989,80.50546556,,,76.88515513
Guyana,GUY,Individuals using the Internet (% of population),IT.NET.USER.ZS,34,35.66,37.32583679,,,35.6619456
High income,HIC,Individuals using the Internet (% of population),IT.NET.USER.ZS,79.37420933,83.733593,84.64307221,,,82.58362485
"Hong Kong SAR, China",HKG,Individuals using the Internet (% of population),IT.NET.USER.ZS,84.94835296,87.47941467,89.41594465,90.50739533,,88.0877769
Honduras,HND,Individuals using the Internet (% of population),IT.NET.USER.ZS,27.1,29.5,31.7,,,29.43333333
Heavily indebted poor countries (HIPC),HPC,Individuals using the Internet (% of population),IT.NET.USER.ZS,14.64335529,15.3506985,19.35283859,,,16.44896412
Croatia,HRV,Individuals using the Internet (% of population),IT.NET.USER.ZS,69.8031,72.69726967,67.09619204,75.29462599,,71.22279692
Haiti,HTI,Individuals using the Internet (% of population),IT.NET.USER.ZS,12.1977,12.23260161,12.32610358,32.47362713,,17.30750808
Hungary,HUN,Individuals using the Internet (% of population),IT.NET.USER.ZS,72.8347,79.25941213,76.75054712,76.07436064,,76.22975497
IBRD only,IBD,Individuals using the Internet (% of population),IT.NET.USER.ZS,40.03620624,43.92291541,50.17001365,,,44.70971177
IDA & IBRD total,IBT,Individuals using the Internet (% of population),IT.NET.USER.ZS,34.69139606,37.5202087,43.32328727,,,38.51163068
IDA total,IDA,Individuals using the Internet (% of population),IT.NET.USER.ZS,18.26694999,18.10220758,22.85996539,,,19.74304099
IDA blend,IDB,Individuals using the Internet (% of population),IT.NET.USER.ZS,24.26261629,20.40518943,28.02556008,,,24.23112194
Indonesia,IDN,Individuals using the Internet (% of population),IT.NET.USER.ZS,21.97606771,25.4473537,32.2924419,39.90463865,,29.90512549
IDA only,IDX,Individuals using the Internet (% of population),IT.NET.USER.ZS,15.23222663,16.93567254,20.24685254,,,17.47158391
Isle of Man,IMN,Individuals using the Internet (% of population),IT.NET.USER.ZS,,,,,,#DIV/0!
India,IND,Individuals using the Internet (% of population),IT.NET.USER.ZS,17,22,34.45,,,24.48333333
Not classified,INX,Individuals using the Internet (% of population),IT.NET.USER.ZS,,,,,,#DIV/0!
Ireland,IRL,Individuals using the Internet (% of population),IT.NET.USER.ZS,83.49479167,85.01113212,84.11400706,84.52230206,,84.28555823
"Iran, Islamic Rep.",IRN,Individuals using the Internet (% of population),IT.NET.USER.ZS,45.33497588,53.22677167,64.04397362,70.00455222,,58.15256835
Iraq,IRQ,Individuals using the Internet (% of population),IT.NET.USER.ZS,58,21.23,49.35999889,75.00000131,,50.89750005
Iceland,ISL,Individuals using the Internet (% of population),IT.NET.USER.ZS,98.2,98.2400163,98.26,99.01095399,,98.42774257
Israel,ISR,Individuals using the Internet (% of population),IT.NET.USER.ZS,77.35208966,79.65312418,81.58118359,83.73313906,,80.57988412
Italy,ITA,Individuals using the Internet (% of population),IT.NET.USER.ZS,58.14173496,61.32425277,63.077347,74.38718292,,64.23262941
Jamaica,JAM,Individuals using the Internet (% of population),IT.NET.USER.ZS,42.22122119,44.36685637,55.07206705,,,47.2200482
Jordan,JOR,Individuals using the Internet (% of population),IT.NET.USER.ZS,60.11438269,62.30219257,66.79031443,,,63.06896323
Japan,JPN,Individuals using the Internet (% of population),IT.NET.USER.ZS,91.05802839,93.18272128,84.58806583,91.28160849,,90.027606
Kazakhstan,KAZ,Individuals using the Internet (% of population),IT.NET.USER.ZS,70.8299336,74.58772647,76.42674823,78.90391906,,75.18708184
Kenya,KEN,Individuals using the Internet (% of population),IT.NET.USER.ZS,16.58785485,16.6,17.82710021,,,17.00498502
Kyrgyz Republic,KGZ,Individuals using the Internet (% of population),IT.NET.USER.ZS,30.24704278,37,38,,,35.08234759
Cambodia,KHM,Individuals using the Internet (% of population),IT.NET.USER.ZS,6.43319107,32.39845171,32.44694856,40,,27.81964784
Kiribati,KIR,Individuals using the Internet (% of population),IT.NET.USER.ZS,12.99748389,13.7,14.58181818,,,13.75976736
St. Kitts and Nevis,KNA,Individuals using the Internet (% of population),IT.NET.USER.ZS,75.7,76.81767491,80.71019081,,,77.74262191
"Korea, Rep.",KOR,Individuals using the Internet (% of population),IT.NET.USER.ZS,89.9,92.84302568,95.06942188,96.02285958,,93.45882678
Kuwait,KWT,Individuals using the Internet (% of population),IT.NET.USER.ZS,72,78.36738376,100,99.59884959,,87.49155834
Latin America & Caribbean (excluding high income),LAC,Individuals using the Internet (% of population),IT.NET.USER.ZS,53.79044041,56.38747414,62.53342964,65.73945325,,59.61269936
Lao PDR,LAO,Individuals using the Internet (% of population),IT.NET.USER.ZS,18.2,21.87,25.51043508,,,21.86014503
Lebanon,LBN,Individuals using the Internet (% of population),IT.NET.USER.ZS,74,76.11,78.18077489,,,76.09692496
Liberia,LBR,Individuals using the Internet (% of population),IT.NET.USER.ZS,33,7.319106411,7.984479722,,,16.10119538
Libya,LBY,Individuals using the Internet (% of population),IT.NET.USER.ZS,19.01607978,20.27215956,21.75892062,,,20.34905332
St. Lucia,LCA,Individuals using the Internet (% of population),IT.NET.USER.ZS,42.53093047,46.72907806,50.81524478,,,46.6917511
Latin America & Caribbean,LCN,Individuals using the Internet (% of population),IT.NET.USER.ZS,54.61614048,57.35461427,63.21822511,65.80628544,,60.24881633
Least developed countries: UN classification,LDC,Individuals using the Internet (% of population),IT.NET.USER.ZS,13.70016166,15.06093524,18.24969882,,,15.67026524
Low income,LIC,Individuals using the Internet (% of population),IT.NET.USER.ZS,12.23886699,12.87509687,15.7756725,,,13.62987879
Liechtenstein,LIE,Individuals using the Internet (% of population),IT.NET.USER.ZS,96.6411951,98.09390389,98.1,,,97.61169966
Sri Lanka,LKA,Individuals using the Internet (% of population),IT.NET.USER.ZS,12.1,16.4,34.1133479,,,20.87111597
Lower middle income,LMC,Individuals using the Internet (% of population),IT.NET.USER.ZS,22.61714325,26.10698765,34.93073723,,,27.88495605
Low & middle income,LMY,Individuals using the Internet (% of population),IT.NET.USER.ZS,34.25180399,37.06169628,42.93967926,,,38.08439318
Lesotho,LSO,Individuals using the Internet (% of population),IT.NET.USER.ZS,25,27.36,29,,,27.12
Late-demographic dividend,LTE,Individuals using the Internet (% of population),IT.NET.USER.ZS,53.37642992,56.75187195,59.24282466,,,56.45704218
Lithuania,LTU,Individuals using the Internet (% of population),IT.NET.USER.ZS,71.378,74.37664556,77.61525651,79.72258277,,75.77312121
Luxembourg,LUX,Individuals using the Internet (% of population),IT.NET.USER.ZS,96.38,98.13669867,97.36296032,97.06129871,,97.23523942
Latvia,LVA,Individuals using the Internet (% of population),IT.NET.USER.ZS,79.2006,79.84209778,80.114077,83.57717486,,80.68348741
"Macao SAR, China",MAC,Individuals using the Internet (% of population),IT.NET.USER.ZS,77.60013186,81.64298546,83.17408907,83.79408961,,81.552824
St. Martin (French part),MAF,Individuals using the Internet (% of population),IT.NET.USER.ZS,,,,,,#DIV/0!
Morocco,MAR,Individuals using the Internet (% of population),IT.NET.USER.ZS,57.08,58.27123642,61.76221201,64.80386519,,60.47932841
Monaco,MCO,Individuals using the Internet (% of population),IT.NET.USER.ZS,93.36330202,95.20817797,97.05297684,,,95.20815228
Moldova,MDA,Individuals using the Internet (% of population),IT.NET.USER.ZS,69,70.99999911,76.12451989,,,72.04150633
Madagascar,MDG,Individuals using the Internet (% of population),IT.NET.USER.ZS,4.17397219,4.713662899,9.8,,,6.229211697
Maldives,MDV,Individuals using the Internet (% of population),IT.NET.USER.ZS,54.46195515,59.09258997,63.18566588,,,58.91340367
Middle East & North Africa,MEA,Individuals using the Internet (% of population),IT.NET.USER.ZS,47.92010731,48.49469226,56.21576388,65.14497205,,54.44388388
Mexico,MEX,Individuals using the Internet (% of population),IT.NET.USER.ZS,57.43104299,59.540446,63.85224909,65.77263448,,61.64909314
Marshall Islands,MHL,Individuals using the Internet (% of population),IT.NET.USER.ZS,19.2824418,29.78777936,38.70116262,,,29.25712793
Middle income,MIC,Individuals using the Internet (% of population),IT.NET.USER.ZS,36.54084,39.61512481,45.85119811,,,40.66905431
North Macedonia,MKD,Individuals using the Internet (% of population),IT.NET.USER.ZS,70.3802,72.15681447,74.51682418,79.16775519,,74.05539846
Mali,MLI,Individuals using the Internet (% of population),IT.NET.USER.ZS,10.33,11.11218649,13,,,11.48072883
Malta,MLT,Individuals using the Internet (% of population),IT.NET.USER.ZS,75.96,78.0751488,81.01191108,81.65804549,,79.17627634
Myanmar,MMR,Individuals using the Internet (% of population),IT.NET.USER.ZS,21.72583401,25.07330424,30.67818311,,,25.82577379
Middle East & North Africa (excluding high income),MNA,Individuals using the Internet (% of population),IT.NET.USER.ZS,43.22792292,43.21821218,51.16230289,59.64250083,,49.31273471
Montenegro,MNE,Individuals using the Internet (% of population),IT.NET.USER.ZS,68.11958104,69.88164684,71.27233254,71.51712879,,70.1976723
Mongolia,MNG,Individuals using the Internet (% of population),IT.NET.USER.ZS,22.50000413,22.2657705,23.71426517,47.1609402,,28.910245
Northern Mariana Islands,MNP,Individuals using the Internet (% of population),IT.NET.USER.ZS,,,,,,#DIV/0!
Mozambique,MOZ,Individuals using the Internet (% of population),IT.NET.USER.ZS,16.93353299,17.52123909,10,,,14.81825736
Mauritania,MRT,Individuals using the Internet (% of population),IT.NET.USER.ZS,15.19912669,18,20.80096366,,,18.00003012
Mauritius,MUS,Individuals using the Internet (% of population),IT.NET.USER.ZS,50.13931848,52.19132594,55.4032403,58.5961697,,54.08251361
Malawi,MWI,Individuals using the Internet (% of population),IT.NET.USER.ZS,5.3,11.47,13.78216439,,,10.1840548
Malaysia,MYS,Individuals using the Internet (% of population),IT.NET.USER.ZS,71.06406781,78.78830993,80.14047901,81.20104862,,77.79847634
North America,NAC,Individuals using the Internet (% of population),IT.NET.USER.ZS,76.11729383,86.11499711,87.64705022,,,83.29311372
Namibia,NAM,Individuals using the Internet (% of population),IT.NET.USER.ZS,25.68785182,31.03334594,51,,,35.90706592
New Caledonia,NCL,Individuals using the Internet (% of population),IT.NET.USER.ZS,74.00175279,,82.0058408,,,78.0037968
Niger,NER,Individuals using the Internet (% of population),IT.NET.USER.ZS,2.476219975,4.32275803,10.22431156,5.250487687,,5.568444313
Nigeria,NGA,Individuals using the Internet (% of population),IT.NET.USER.ZS,36,25.67,42,,,34.55666667
Nicaragua,NIC,Individuals using the Internet (% of population),IT.NET.USER.ZS,19.7042915,24.57183396,27.86304001,,,24.04638849
Netherlands,NLD,Individuals using the Internet (% of population),IT.NET.USER.ZS,91.72413793,90.4109589,93.19727891,94.71207372,,92.51111237
Norway,NOR,Individuals using the Internet (% of population),IT.NET.USER.ZS,96.8103,97.29820367,96.3576013,96.49165799,,96.73944074
Nepal,NPL,Individuals using the Internet (% of population),IT.NET.USER.ZS,17.58161801,19.68876384,34,,,23.75679395
Nauru,NRU,Individuals using the Internet (% of population),IT.NET.USER.ZS,,,57,,,57
New Zealand,NZL,Individuals using the Internet (% of population),IT.NET.USER.ZS,88.22288882,88.47018635,90.81109307,,,89.16805608
OECD members,OED,Individuals using the Internet (% of population),IT.NET.USER.ZS,75.75611524,79.89648277,81.0066165,81.54234928,,79.55039095
Oman,OMN,Individuals using the Internet (% of population),IT.NET.USER.ZS,73.53,76.84539047,80.18563573,,,76.8536754
Other small states,OSS,Individuals using the Internet (% of population),IT.NET.USER.ZS,43.64495106,46.29104983,52.85005036,,,47.59535042
Pakistan,PAK,Individuals using the Internet (% of population),IT.NET.USER.ZS,14,12.38544676,15.51,,,13.96514892
Panama,PAN,Individuals using the Internet (% of population),IT.NET.USER.ZS,51.20542499,54,57.86509007,,,54.35683835
Peru,PER,Individuals using the Internet (% of population),IT.NET.USER.ZS,40.85260091,45.46174069,48.72763146,52.54031017,,46.89557081
Philippines,PHL,Individuals using the Internet (% of population),IT.NET.USER.ZS,36,55.5,60.05476033,,,50.51825344
Palau,PLW,Individuals using the Internet (% of population),IT.NET.USER.ZS,,,,,,#DIV/0!
Papua New Guinea,PNG,Individuals using the Internet (% of population),IT.NET.USER.ZS,7.9,9.601538462,11.20919659,,,9.570245018
Poland,POL,Individuals using the Internet (% of population),IT.NET.USER.ZS,67.997,73.3007041,75.98536595,77.54173454,,73.70620115
Pre-demographic dividend,PRE,Individuals using the Internet (% of population),IT.NET.USER.ZS,20.26045923,16.5090307,24.06105508,,,20.27684833
Puerto Rico,PRI,Individuals using the Internet (% of population),IT.NET.USER.ZS,63.47,68.6438072,70.59787359,,,67.57056026
"Korea, Dem. People’s Rep.",PRK,Individuals using the Internet (% of population),IT.NET.USER.ZS,,,,,,#DIV/0!
Portugal,PRT,Individuals using the Internet (% of population),IT.NET.USER.ZS,68.6329,70.42356709,73.79121395,74.66096811,,71.87716229
Paraguay,PRY,Individuals using the Internet (% of population),IT.NET.USER.ZS,49.72,53.40412748,61.07575622,64.99354302,,57.29835668
West Bank and Gaza,PSE,Individuals using the Internet (% of population),IT.NET.USER.ZS,57.42419241,61.17838483,65.2,64.39999371,,62.05064274
Pacific island small states,PSS,Individuals using the Internet (% of population),IT.NET.USER.ZS,27.63830274,30.23606451,32.70396341,,,30.19277689
Post-demographic dividend,PST,Individuals using the Internet (% of population),IT.NET.USER.ZS,78.71888214,83.20461215,83.82075865,,,81.91475098
French Polynesia,PYF,Individuals using the Internet (% of population),IT.NET.USER.ZS,64.56020975,68.44041949,72.70389531,,,68.56817485
Qatar,QAT,Individuals using the Internet (% of population),IT.NET.USER.ZS,92.88482645,95.12466217,97.38884917,99.65284913,,96.26279673
Romania,ROU,Individuals using the Internet (% of population),IT.NET.USER.ZS,55.7632,59.50395129,63.74728218,70.68127793,,62.42392785
Russian Federation,RUS,Individuals using the Internet (% of population),IT.NET.USER.ZS,70.1,73.09143462,76.00813853,80.86472142,,75.01607364
Rwanda,RWA,Individuals using the Internet (% of population),IT.NET.USER.ZS,18,20,21.76763262,,,19.92254421
South Asia,SAS,Individuals using the Internet (% of population),IT.NET.USER.ZS,16.22347302,20.23984948,30.09918405,,,22.18750218
Saudi Arabia,SAU,Individuals using the Internet (% of population),IT.NET.USER.ZS,69.6162358,74.87927469,82.12000121,93.31000185,,79.98137839
Sudan,SDN,Individuals using the Internet (% of population),IT.NET.USER.ZS,26.61,14.09999994,30.87029573,,,23.86009856
Senegal,SEN,Individuals using the Internet (% of population),IT.NET.USER.ZS,27,25.66476804,46,,,32.88825601
Singapore,SGP,Individuals using the Internet (% of population),IT.NET.USER.ZS,79.012957,84.45226789,84.44953878,88.16563603,,84.02009993
Solomon Islands,SLB,Individuals using the Internet (% of population),IT.NET.USER.ZS,10.00046498,11.00090227,11.92422906,,,10.97519877
Sierra Leone,SLE,Individuals using the Internet (% of population),IT.NET.USER.ZS,6.344421603,11.77318438,9,,,9.039201994
El Salvador,SLV,Individuals using the Internet (% of population),IT.NET.USER.ZS,26.80260496,28.99707305,33.8207289,,,29.87346897
San Marino,SMR,Individuals using the Internet (% of population),IT.NET.USER.ZS,,,60.18230126,,,60.18230126
Somalia,SOM,Individuals using the Internet (% of population),IT.NET.USER.ZS,1.76,1.88,2.004048698,,,1.881349566
Serbia,SRB,Individuals using the Internet (% of population),IT.NET.USER.ZS,65.3170254,67.05684137,70.33083553,73.36070915,,69.01635286
Sub-Saharan Africa (excluding high income),SSA,Individuals using the Internet (% of population),IT.NET.USER.ZS,20.70548197,19.29714536,25.37610995,,,21.79291243
South Sudan,SSD,Individuals using the Internet (% of population),IT.NET.USER.ZS,5.5,6.679728051,7.977428907,,,6.719052319
Sub-Saharan Africa,SSF,Individuals using the Internet (% of population),IT.NET.USER.ZS,20.74592323,19.34122243,25.4153315,,,21.83415905
Small states,SST,Individuals using the Internet (% of population),IT.NET.USER.ZS,43.92834012,46.56373052,52.7965439,,,47.76287152
Sao Tome and Principe,STP,Individuals using the Internet (% of population),IT.NET.USER.ZS,25.82,28,29.9312292,,,27.9170764
Suriname,SUR,Individuals using the Internet (% of population),IT.NET.USER.ZS,42.76382778,45.4,48.94517397,,,45.70300059
Slovak Republic,SVK,Individuals using the Internet (% of population),IT.NET.USER.ZS,77.6347,80.47585728,81.62566752,80.66033556,,80.09914009
Slovenia,SVN,Individuals using the Internet (% of population),IT.NET.USER.ZS,73.0987,75.49850426,78.88542636,79.7499766,,76.8081518
Sweden,SWE,Individuals using the Internet (% of population),IT.NET.USER.ZS,90.6102,89.65094761,95.51006745,92.14167705,,91.97822303
Eswatini,SWZ,Individuals using the Internet (% of population),IT.NET.USER.ZS,25.64304231,28.57352278,47,,,33.73885503
Sint Maarten (Dutch part),SXM,Individuals using the Internet (% of population),IT.NET.USER.ZS,,,,,,#DIV/0!
Seychelles,SYC,Individuals using the Internet (% of population),IT.NET.USER.ZS,54.25961786,56.51470815,58.76981124,,,56.51471242
Syrian Arab Republic,SYR,Individuals using the Internet (% of population),IT.NET.USER.ZS,29.97979724,31.86962727,34.25340193,,,32.03427548
Turks and Caicos Islands,TCA,Individuals using the Internet (% of population),IT.NET.USER.ZS,,,,,,#DIV/0!
Chad,TCD,Individuals using the Internet (% of population),IT.NET.USER.ZS,3.5,5,6.49999812,,,4.999999373
East Asia & Pacific (IDA & IBRD countries),TEA,Individuals using the Internet (% of population),IT.NET.USER.ZS,44.2904169,48.72880783,51.16874466,,,48.06265647
Europe & Central Asia (IDA & IBRD countries),TEC,Individuals using the Internet (% of population),IT.NET.USER.ZS,59.67191666,63.51476431,67.37072259,73.52092153,,66.01958127
Togo,TGO,Individuals using the Internet (% of population),IT.NET.USER.ZS,7.12,11.31,12.36022497,,,10.26340832
Thailand,THA,Individuals using the Internet (% of population),IT.NET.USER.ZS,39.31612674,47.50496562,52.89192934,56.81748093,,49.13262566
Tajikistan,TJK,Individuals using the Internet (% of population),IT.NET.USER.ZS,18.98,20.47,21.96,,,20.47
Turkmenistan,TKM,Individuals using the Internet (% of population),IT.NET.USER.ZS,14.99677482,17.99032446,21.25099741,,,18.07936556
Latin America & the Caribbean (IDA & IBRD countries),TLA,Individuals using the Internet (% of population),IT.NET.USER.ZS,54.8571419,57.52467638,63.25988639,65.80628544,,60.36199753
Timor-Leste,TLS,Individuals using the Internet (% of population),IT.NET.USER.ZS,23,25.24624959,27.49273173,,,25.24632711
Middle East & North Africa (IDA & IBRD countries),TMN,Individuals using the Internet (% of population),IT.NET.USER.ZS,43.04917317,42.99068822,50.9832271,59.56750219,,49.14764767
Tonga,TON,Individuals using the Internet (% of population),IT.NET.USER.ZS,38.65127243,39.95,41.24872764,,,39.95000002
South Asia (IDA & IBRD),TSA,Individuals using the Internet (% of population),IT.NET.USER.ZS,16.22347302,20.23984948,30.09918405,,,22.18750218
Sub-Saharan Africa (IDA & IBRD countries),TSS,Individuals using the Internet (% of population),IT.NET.USER.ZS,20.74592323,19.34122243,25.4153315,,,21.83415905
Trinidad and Tobago,TTO,Individuals using the Internet (% of population),IT.NET.USER.ZS,69.19847061,73.29694122,77.32605293,,,73.27382158
Tunisia,TUN,Individuals using the Internet (% of population),IT.NET.USER.ZS,46.5,49.59999484,64.19081023,64.19081023,,56.12040383
Turkey,TUR,Individuals using the Internet (% of population),IT.NET.USER.ZS,53.74497914,58.34773401,64.68461768,71.04276107,,61.95502298
Tuvalu,TUV,Individuals using the Internet (% of population),IT.NET.USER.ZS,42.7,46.00915151,49.31833862,,,46.00916338
Tanzania,TZA,Individuals using the Internet (% of population),IT.NET.USER.ZS,20,13,25,,,19.33333333
Uganda,UGA,Individuals using the Internet (% of population),IT.NET.USER.ZS,17.83485947,21.87617046,23.70653091,,,21.13918695
Ukraine,UKR,Individuals using the Internet (% of population),IT.NET.USER.ZS,48.88464368,53,58.88947945,62.55315539,,55.83181963
Upper middle income,UMC,Individuals using the Internet (% of population),IT.NET.USER.ZS,50.15191053,52.9107379,56.66820548,,,53.24361797
Uruguay,URY,Individuals using the Internet (% of population),IT.NET.USER.ZS,64.5707871,66.4,68.27966256,74.76713473,,68.5043961
United States,USA,Individuals using the Internet (% of population),IT.NET.USER.ZS,74.55420245,85.54442129,87.26611282,,,82.45491219
Uzbekistan,UZB,Individuals using the Internet (% of population),IT.NET.USER.ZS,42.8,46.79128694,52.30510079,55.2,,49.27409693
St. Vincent and the Grenadines,VCT,Individuals using the Internet (% of population),IT.NET.USER.ZS,17.13206652,20.68943522,22.00427798,22.39426119,,20.55501023
"Venezuela, RB",VEN,Individuals using the Internet (% of population),IT.NET.USER.ZS,64,60,72,,,65.33333333
British Virgin Islands,VGB,Individuals using the Internet (% of population),IT.NET.USER.ZS,,77.70142968,77.70426829,,,77.70284899
Virgin Islands (U.S.),VIR,Individuals using the Internet (% of population),IT.NET.USER.ZS,54.8391373,59.6083158,64.3774943,,,59.6083158
Vietnam,VNM,Individuals using the Internet (% of population),IT.NET.USER.ZS,45,53,58.14,70.34963558,,56.62240889
Vanuatu,VUT,Individuals using the Internet (% of population),IT.NET.USER.ZS,22.35140458,24,25.71978784,,,24.02373081
World,WLD,Individuals using the Internet (% of population),IT.NET.USER.ZS,41.68848485,44.70369974,49.72307908,,,45.37175456
Samoa,WSM,Individuals using the Internet (% of population),IT.NET.USER.ZS,25.40700977,29.41173011,33.61093932,,,29.47655973
Kosovo,XKX,Individuals using the Internet (% of population),IT.NET.USER.ZS,,,83.89359681,89.44303197,,86.66831439
"Yemen, Rep.",YEM,Individuals using the Internet (% of population),IT.NET.USER.ZS,24.08540947,24.57920836,26.71835477,,,25.12765753
South Africa,ZAF,Individuals using the Internet (% of population),IT.NET.USER.ZS,51.91911572,54,56.16739447,,,54.02883673
Zambia,ZMB,Individuals using the Internet (% of population),IT.NET.USER.ZS,21,25.50657885,27.8525791,14.2999971,,22.16478876
Zimbabwe,ZWE,Individuals using the Internet (% of population),IT.NET.USER.ZS,22.7428181,23.11998904,27.05548769,,,24.30609828